<?xml version="1.0" encoding="UTF-8"?>
<project-private xmlns="http://www.netbeans.org/ns/project-private/1">
    <data xmlns="http://www.netbeans.org/ns/make-project-private/1">
        <activeConfTypeElem>1</activeConfTypeElem>
        <activeConfIndexElem>0</activeConfIndexElem>
    </data>
    <editor-bookmarks xmlns="http://www.netbeans.org/ns/editor-bookmarks/2" lastBookmarkId="0"/>
    <open-files xmlns="http://www.netbeans.org/ns/projectui-open-files/2">
        <group name="Assignment_1">
            <file>file:/C:/Users/condu/Desktop/ThavisayJohnny_CSC17B_47829/Hmwk/Assignment_1/Dice-Class/Dice.cpp</file>
            <file>file:/C:/Users/condu/Desktop/ThavisayJohnny_CSC17B_47829/Hmwk/Assignment_1/Dice-Class/Dice.h</file>
            <file>file:/C:/Users/condu/Desktop/ThavisayJohnny_CSC17B_47829/Hmwk/Assignment_1/Dice-Class/Dice.js</file>
            <file>file:/C:/Users/condu/Desktop/ThavisayJohnny_CSC17B_47829/Hmwk/Assignment_1/Dice-Class/main.cpp</file>
        </group>
    </open-files>
</project-private>
