<?xml version="1.0" encoding="UTF-8"?>
<project-private xmlns="http://www.netbeans.org/ns/project-private/1">
    <editor-bookmarks xmlns="http://www.netbeans.org/ns/editor-bookmarks/2" lastBookmarkId="0"/>
    <open-files xmlns="http://www.netbeans.org/ns/projectui-open-files/2">
        <group>
            <file>file:/C:/xampp/htdocs/Cookie%20Transfer/Survey.php</file>
            <file>file:/C:/xampp/htdocs/Cookie%20Transfer/index.php</file>
            <file>file:/C:/xampp/htdocs/Cookie%20Transfer/CookieFunctions.js</file>
        </group>
    </open-files>
</project-private>
