<?xml version="1.0" encoding="UTF-8"?>
<project-private xmlns="http://www.netbeans.org/ns/project-private/1">
    <editor-bookmarks xmlns="http://www.netbeans.org/ns/editor-bookmarks/2" lastBookmarkId="0"/>
    <open-files xmlns="http://www.netbeans.org/ns/projectui-open-files/2">
        <group name="Assignment_1">
            <file>file:/C:/Users/condu/Desktop/ThavisayJohnny_CSC17B_47829/Hmwk/Assignment_1/DiceClass/Dice.js</file>
            <file>file:/C:/Users/condu/Desktop/ThavisayJohnny_CSC17B_47829/Hmwk/Assignment_1/DiceClass/TestDice.html</file>
        </group>
    </open-files>
</project-private>
